<?xml version="1.0" encoding="UTF-8"?>
<beans xmlns="http://www.springframework.org/schema/beans"
       xmlns:xsi="http://www.w3.org/2001/XMLSchema-instance"
       xmlns:security="http://www.springframework.org/schema/security"
       xsi:schemaLocation="http://www.springframework.org/schema/beans http://www.springframework.org/schema/beans/spring-beans.xsd http://www.springframework.org/schema/security http://www.springframework.org/schema/security/spring-security.xsd">

	<security:http auto-config="true">
	<security:intercept-url pattern="/" access="permitAll" />
        <security:intercept-url pattern="/product" access="permitAll" />
        <security:intercept-url pattern="/category" access="permitAll" />
        <security:intercept-url pattern="/supplier" access="permitAll" />
        <security:intercept-url pattern="/frontpage" access="permitAll" />
        <security:intercept-url pattern="/Login" access="permitAll" />
        <security:intercept-url pattern="/Register" access="permitAll" />
        <security:intercept-url pattern="/addcategory" access="hasRole('ROLE_ADMIN')" />
        <security:intercept-url pattern="/addproduct" access="hasRole('ROLE_ADMIN')" />
        <security:intercept-url pattern="/addsupplier" access="hasRole('ROLE_ADMIN')" />
        <security:intercept-url pattern="/supplierlist" access="permitAll" />
        <security:intercept-url pattern="/productlist" access="permitAll" />
        <security:intercept-url pattern="/categorylist" access="permitAll" />
         <security:intercept-url pattern="/userindex" access="hasRole('ROLE_USER')" />
          <security:intercept-url pattern="/adminindex" access="hasRole('ROLE_ADMIN')" />
        <security:form-login
            login-page="/Login"
            login-processing-url="/j_spring_security_check"
            default-target-url="/"
            authentication-failure-url="/Login"
            username-parameter="email"
            password-parameter="pwd" />
        <security:logout
            logout-success-url="/" />
            <security:csrf disabled="true" />
    </security:http>
    
    <security:authentication-manager>
        <security:authentication-provider>
            <security:jdbc-user-service data-source-ref="dataSource"
                 authorities-by-username-query="SELECT email, role From customer WHERE email = ?"
                 users-by-username-query="SELECT email, pwd, enabled FROM customer WHERE email = ?" />
        </security:authentication-provider>
    </security:authentication-manager>
       
</beans>